Date,Description,Amount
2026-08-01,STARBUCKS STORE #4521 SEATTLE WA,-5.75
2026-08-01,PAYROLL DEPOSIT ACME CORP,3500.00
2026-08-02,AMAZON.COM*1A2B3C4D,-89.99
2026-08-02,UBER TRIP HELP.UBER.COM,-18.40
2026-08-03,NETFLIX.COM,-15.49
2026-08-03,WHOLE FOODS MARKET #102,-64.23
2026-08-04,H&M STORE #221,-42.10
2026-08-04,CVS PHARMACY #3311,-23.55
2026-08-05,COMCAST CABLE COMMUNICATIO,-89.99
2026-08-06,SPOTIFY USA,-10.99
2026-08-06,AMC THEATRES ONLINE,-32.00
2026-08-07,DOORDASH*CHIPOTLE,-27.85
2026-08-08,GEICO INSURANCE,-142.00
2026-08-09,TARGET T-1234,-56.78
2026-08-10,DELTA AIR LINES,-412.00
2026-08-11,MARRIOTT HOTELS,-215.60
2026-08-12,APOLLO PHARMACY,-18.20
2026-08-13,SWIGGY BANGALORE,-14.30
2026-08-14,ZOMATO ONLINE ORDER,-21.10
2026-08-15,MYNTRA DESIGNS PVT,-67.40
2026-08-16,HDFC LIFE INSURANCE PREMIUM,-320.00
2026-08-17,MCDONALD'S #8827,-9.45
2026-08-18,BEST BUY 00123456,-129.99
2026-08-19,TRADER JOE'S #556,-48.12
2026-08-20,VERIZON WIRELESS PAYMENT,-95.00
2026-08-21,STUBHUB.COM TICKET,-88.00
2026-08-22,DIVIDEND PAYMENT VANGUARD,240.55
2026-08-23,RENT PAYMENT LANDLORD LLC,-1800.00
2026-08-24,ACME LOCAL FARMERS MARKET,-22.00
2026-08-25,UNKNOWN MERCHANT XYZ99,-15.00
2026-08-26,SUBWAY SANDWICHES #221,-8.10
